"Month","Coal","Natural_Gas","Cocoa","Coconut_Oil","Wheat","Banana","Orange","Shrimps","Cotton","Potassium","Aluminum","Lead","Zinc","Gold","Crude_Oil","Post_Crisis"
2000-01-01,22.78,3.36,918.5,654,105.83,0.88546,0.3489,13.999337,1.0457,112.5,1680.28,472.1,1178.8,284.32,25.31,0
2000-02-01,23.62,3.46,856.9,591,107.93,0.91963,0.32359,14.109568,1.1845,112.5,1670.27,452.4,1094.9,299.86,27.2209666666667,0
2000-03-01,24.4,3.51,925.9,552,105.7,0.86436,0.29918,14.440261,1.2632,112.5,1577.05,441.3,1116.4,286.39,27.49,0
2000-04-01,24.94,3.68,912,550,105.11,0.83696,0.33749,14.660723,1.2939,112.5,1457.14,421.1,1127.6,279.69,23.47,0
2000-05-01,26.05,3.55,921.6,481,112.14,0.70333,0.41102,14.881185,1.3336,112.5,1466.79,412.1,1156.9,275.19,27.1866666666667,0
2000-06-01,27,3.6,948.2,437,113.51,0.62181,0.42649,14.660723,1.3111,112.5,1506.31,419.6,1117.9,285.73,29.6207666666667,0
2000-07-01,27,3.96,967.1,400,108.98,0.63543,0.40178,14.770954,1.2873,112.5,1563.5,452.1,1136.2,281.59,28.1766666666667,0
2000-08-01,27,4.01,886.5,371,108.36,0.62137,0.39232,14.109568,1.3424,112.5,1527.63,473.1,1169.8,274.47,29.2629,0
2000-09-01,27,4.03,882.7,332,117.49,0.57616,0.36471,13.558413,1.3591,112.5,1601.21,487.1,1224.4,273.68,32.0828333333333,0
2000-10-01,28.18,4.31,877.7,340,128.18,0.56007,0.37984,13.007258,1.3425,112.5,1500.24,486.1,1095.9,270,31.4001666666667,0
2000-11-01,26.17,4.39,879.6,367,127.73,0.61049,0.36421,13.007258,1.4105,112.5,1473.86,468,1059,266.01,32.331,0
2000-12-01,34.7,4.44,892.8,329,128.09,0.71403,0.30902,13.007258,1.452,112.5,1565.41,462.3,1059.8,271.45,25.2046666666667,0
2001-01-01,34.95,4.65,996,319,132.84,0.80765,0.34893,13.778875,1.4148,112.5,1615.65,478.1,1033.1,265.49,25.9572727272727,0
2001-02-01,34.35,4.59,892.6,285,128.11,0.91783,0.40717,13.999337,1.3325,112.5,1604.36,501.8,1020.9,261.87,27.2388333333333,0
2001-03-01,35.5,4.57,1124.4,289,130.2,1.0052,0.55481,13.889106,1.2029,112.5,1509.17,498.4,1004.7,263.03,25.0225757575758,0
2001-04-01,35.53,4.48,1084.3,293,129.67,0.91424,0.62972,14.770954,1.1274,112.5,1496.91,477.5,969.4,260.48,25.718,0
2001-05-01,34.75,4.36,1077.4,295,134.86,0.75486,0.73434,15.211878,1.1014,112.5,1538.77,466.7,938,272.36,27.5468253968254,0
2001-06-01,34.75,4.33,973.3,317,127.23,0.83545,0.830558096168707,14.219799,1.0465,112.5,1466.13,444.1,894.9,270.23,26.9660317460317,0
2001-07-01,34.35,3.75,966.4,358,123.79,0.63499,0.962941252492567,15.983495,1.0035,112.5,1416.39,461.6,852.4,267.53,24.8036796536797,0
2001-08-01,34.15,3.79,1032.2,363,121.92,0.69636,0.784575647321255,14.219799,0.955,112.5,1377.08,483,828.1,272.39,25.8211594202899,0
2001-09-01,33.06,3.79,1024.3,322,122.03,0.72677,0.577538413674866,13.007258,0.9097,112.5,1344.56,464.8,798.6,283.42,25.2076666666667,0
2001-10-01,33.03,3.52,1084.9,307,123.34,0.68661,0.423630032618267,11.904948,0.8201,112.5,1282.5,468.1,761.5,283.06,20.731884057971,0
2001-11-01,31.5,3.46,1231.6,330,125.27,0.65077,0.465995310725968,11.684486,0.8378,112.5,1327.46,486.5,772.9,276.16,18.6881818181818,0
2001-12-01,30.45,3.4,1337.4,339,122.44,0.69609,0.425758763849421,11.464024,0.9453,112.5,1344.63,483.3,754.7,275.85,18.5197894736842,0
2002-01-01,29.7,3.06,1386,362,125.31,0.75443,0.443705901288487,11.794717,0.9565,112.5,1368.59,513.1,793.2,281.51,19.1548124098124,0
2002-02-01,28.95,3.03,1490.6,376,123.28,0.86913,0.45461764374078,11.904948,0.9436,112.5,1369.34,480,771.3,295.5,19.9752368421053,0
2002-03-01,28.35,2.97,1592.7,366,122.54,0.91106,0.590334067313687,11.904948,0.9268,112.5,1405,480.2,819.3,294.06,23.6406666666667,0
2002-04-01,26.83,2.81,1568.1,411,123.72,0.86348,0.57916412250054,11.243562,0.9127,112.5,1369.99,472.4,808.2,302.68,25.4342424242424,0
2002-05-01,25.75,2.83,1602.1,420,121.46,0.84397,0.63550864899906,11.0231,0.8785,112.5,1343.3,451.9,769.5,314.49,25.6723451910408,0
2002-06-01,24.38,2.9,1659.1,446,132.03,0.66458,0.635472154974342,10.141252,0.9568,112.5,1353.97,440,767.1,321.18,24.4880575048733,0
2002-07-01,22.73,2.95,1871.1,445,149.31,0.65066,0.653465025937432,10.031021,1.0268,112.5,1338.09,446.1,794.9,313.29,25.7547481021394,0
2002-08-01,21.25,3.01,1958.7,443,161.26,0.79147,0.637596218521158,9.259404,1.0889,112.5,1291.6,423.2,747.6,310.26,26.7758008658009,0
2002-09-01,23.08,3.08,2160.9,410,187.84,0.67896,0.626684461671218,9.149173,1.0806,112.5,1301.25,421.3,756.2,319.14,28.2807936507937,0
2002-10-01,27.35,3.28,2201.5,434,190.32,0.68383,0.614279334629426,9.479866,1.0928,112.5,1310.58,418.2,754.7,316.56,27.5268115942029,0
2002-11-01,26.98,3.34,1811.8,457,177.38,0.64906,0.476797608449664,9.479866,1.1484,112.5,1372.2,442.2,765.3,319.07,24.5424812030075,0
2002-12-01,26.94,3.36,2031.7,482,162.48,0.75246,0.426759727639326,9.259404,1.2183,112.5,1375.07,443.6,797.7,331.92,27.8869841269841,0
2003-01-01,27.4625,3.61,2178.435,494,149.608,0.8928904,0.5471338,9.590097,1.250115,112.5,1378.284,444.659,781.409,356.859,30.7503174603175,0
2003-02-01,27,3.67,2282,477,150.8382,0.9895947,0.5050627,10.141252,1.292852,112.5,1422.16,475.825,785.15,358.97,32.8833771929825,0
2003-03-01,25.75,3.74,1946.807,441,141.8087,1.007324,0.6331585,10.141252,1.349503,112.5,1389.274,456.667,790.952,340.55,30.3592063492063,0
2003-04-01,23.825,4.03,1924.227,421,138.6155,0.8921774,0.6737559,11.464024,1.339858,112.5,1332.013,437.375,754.65,328.18,25.5559682539683,0
2003-05-01,23.65,4.04,1735.55,440,141.9618,0.8925667,0.6847986,11.904948,1.275874,112.5,1398.488,463.5,775.65,355.683,26.0649126984127,0
2003-06-01,26.75,4.05,1571.095,459,131.3528,0.691746,0.7194428,12.015179,1.285006,112.5,1409.845,468.024,790.69,356.352,27.9171428571429,0
2003-07-01,29.5,4.04,1560.174,439,131.6174,0.6326971,0.7496481,12.015179,1.327469,112.5,1436.087,514.783,827.543,351.02,28.5915876152833,0
2003-08-01,30.1875,3.98,1552.274,421,148.7172,0.4852348,0.7931959,11.49158175,1.33494990095238,112.5,1456.313,496.525,817.875,359.768,29.6755555555556,0
2003-09-01,34.1375,3.97,1637.863,431,145.623,0.7186642,0.7829944,10.6189196666667,1.413111,112.5,1415.568,521.273,818.182,378.945,26.8823304473304,0
2003-10-01,36.6875,3.88,1482.835,487,147.4558,0.6862658,0.8361493,10.2073906,1.599452,112.5,1474.25,587.326,897.957,378.92,29.0144927536232,0
2003-11-01,39.1875,3.9,1505.669,515,160.5453,0.7536158,0.6609821,10.00346325,1.697061,112.5,1508.338,622.325,914.525,389.91,29.1227407407407,0
2003-12-01,38.6875,3.97,1633.597,583,165.5735,0.8420172,0.582954,9.73707166666667,1.624086,112.5,1554.905,692.071,977.762,406.953,29.9692063492063,0
2004-01-01,41.25,3.87,1628.67772727273,584,166.327138710529,0.941881436576122,0.718267414627624,10.1963675,1.673507,112.5,1606.488,758.381,1017,413.788,31.3677192982456,0
2004-02-01,42.25,3.89,1568.8465,642,161.3914671875,0.97138530562993,0.831053703646128,10.3065985,1.629544873,112.5,1685.625,888.475,1087.675,404.878,31.3313333333333,0
2004-03-01,42.5,3.86,1504.01695652174,685,166.279804218,1.06011097953803,0.934723226067467,10.52044664,1.58737432652174,112.5,1655.989,886.478,1105.783,406.667,33.6650724637681,0
2004-04-01,47.25,3.92,1437.77045454545,736,166.584426739286,0.880264167421482,0.858924701047598,10.692407,1.52900418,112.5,1729.738,753.675,1032.725,403.26,33.7113924963925,0
2004-05-01,52.5625,3.95,1419.57476190476,716,163.73438647875,0.917593078474399,0.872751043180253,10.59540372,1.54150179857143,112.5,1623.224,808.895,1028.289,383.779,37.5578989139515,0
2004-06-01,62.55,4.01,1404.79409090909,658,154.743341657143,0.851269682190254,0.920821754958295,10.39919254,1.422631265,112.5,1677.716,870.318,1021.455,392.373,35.5427417027417,0
2004-07-01,68.5,4.28,1563.56590909091,669,150.600930289286,0.723298422829686,0.994181475867196,10.49619582,1.256282665,112.5,1709.273,939.591,988.318,398.091,37.8919985569986,0
2004-08-01,63.625,4.34,1728.31181818182,627,141.294808497429,0.597702011514463,0.935591825019609,9.78630818,1.194954145,125.9,1692.19,921.81,975.81,400.51,42.0840692640693,0
2004-09-01,61,4.41,1545.26272727273,657,151.034855535,0.795408726843299,0.901296375453432,9.40711354,1.240950535,143.5,1723.602,935.455,975.182,405.275,41.5968253968254,0
2004-10-01,59.6875,4.83,1480.33523809524,642,150.146008660714,0.774696362666774,0.921198981448482,9.41152278,1.15858030095238,146,1819.57,932.762,1064.952,420.464,46.8811111111111,0
2004-11-01,60.75,4.96,1659.12545454545,659,156.568668376235,1.08732078717785,0.715340330933081,9.78630818,1.08306968,151.2,1813.898,967.795,1095.636,439.375,42.1255454545455,0
2004-12-01,54.2875,5.01,1657.90173913043,654,153.8743247,1.10297976328023,0.686127756767574,9.810559,1.07125361391304,152.5,1849.179,974.905,1180.214,442.079,39.0449444444444,0
2005-01-01,51.4175,5.46,1552.30857142857,646,153.59313355875,1.1534024226934,0.640124669379675,9.79733128,1.12955280428571,152.5,1834.425,953.15,1246.375,424.03,42.9722777777778,0
2005-02-01,46.625,5.49,1633.594,646,151.168679848895,1.31046465419285,0.742358258384484,9.700328,1.1556066885,152.5,1882.85,977.55,1326.175,423.35,44.8182105263158,0
2005-03-01,45.3,5.52,1755.14869565217,710,150.985863975,1.38950491015007,1.1090619290189,9.700328,1.24311812086956,152.5,1979.85,1004,1372.15,433.85,50.9428787878788,0
2005-04-01,46.25,5.86,1585.67904761905,679,140.876980478571,1.33273013458769,1.17496604532008,9.61875706,1.25726329142857,152.5,1894.286,985.762,1300.143,429.233,50.6404761904762,0
2005-05-01,45.875,5.89,1508.22772727273,647,143.330057875714,1.47339779014094,1.09567832288568,9.479866,1.228123655,152.5,1743.7,988.075,1243.625,421.873,47.8265728715729,0
2005-06-01,49.125,5.91,1539.54636363636,638.75,141.930776209091,1.23199248325857,0.934694375695636,9.590097,1.193050155,152.5,1731.295,986.068,1275.727,430.657,53.890303030303,0
2005-07-01,51.3125,6.42,1487.48428571429,606,143.869839885,0.907492481806423,0.748688806543134,9.90756228,1.21275096380952,152.5,1778.786,854.476,1194.429,424.479,56.3658095238095,0
2005-08-01,49.5,6.56,1480.86739130435,550,149.359024672826,1.00271375908868,0.757396829691888,9.62757554,1.1891528573913,152.5,1867.841,887.023,1298.386,437.93,61.8905204216074,0
2005-09-01,46.625,6.58,1504.83545454545,559,159.708658134375,1.10175250283883,0.74902874045107,9.63859864,1.21110320434783,152.5,1839.909,933.068,1397.523,456.048,61.6876984126984,0
2005-10-01,43.25,7.28,1457.3280952381,587,167.826712725,1.06364854943927,0.815135784497753,9.85244678,1.28272140333333,152.5,1928.714,1004.762,1488.381,469.898,58.1850793650794,0
2005-11-01,38.0833333333333,7.46,1443.30818181818,582,161.116351644316,1.08695347374909,0.879533583672235,9.74882964,1.251783236,167.5,2050.591,1018.409,1610.932,476.666,55.0428253968254,0
2005-12-01,41,7.49,1509.10727272727,553,164.441045989286,1.01690229403277,0.849420239960477,9.810559,1.249378196,167.5,2247.45,1124.075,1821.825,510.097,56.4296428571429,0
2006-01-01,44.6625,7.96,1573.10363636364,569,167.16073370625,0.949108998686331,0.849751096005695,9.76205736,1.28639577,167.5,2377.857,1256.333,2090.31,549.864,62.4570396825397,0
2006-02-01,49.4,7.95,1546.104,591,179.840925876316,1.00339819362781,0.821457597489306,9.810559,1.31505583,167.5,2455.325,1277.05,2219.375,554.995,59.7049210526316,0
2006-03-01,54.5,7.99,1545.0552173913,575,174.43598036625,0.998116188564815,0.80886459758035,9.810559,1.26986112,167.5,2429.13,1192.087,2416.913,557.093,60.9292753623189,0
2006-04-01,54.875,8.24,1548.0175,578,180.346054644947,0.968522447124888,0.800334040793974,9.90756228,1.24009875,167.5,2621.111,1170.417,3084.778,610.653,67.9705750487329,0
2006-05-01,50.4,8.28,1596.41695652174,583,193.166722285714,1.05096415023656,0.800194136690944,10.33746318,1.19821097,167.5,2861.476,1166.857,3565.69,675.393,68.6759486166008,0
2006-06-01,52.375,8.29,1607,575,195.164003205,0.954366908254399,0.665839203766592,10.48517272,1.21584793,167.5,2477.341,963.864,3225.682,596.145,68.2901515151515,0
2006-07-01,51.68,8.58,1679.08333333333,583.25,202.428613539474,0.750004625894557,0.734400074059924,10.44548956,1.22135948,172.5,2512.714,1052.381,3339.857,633.71,72.4501336675021,0
2006-08-01,53.5875,8.71,1620.71347826087,606,189.914668895455,0.757854382514137,0.830836577234452,9.6452125,1.32056738,192.5,2459.932,1174.136,3347.295,632.593,71.811884057971,0
2006-09-01,48.75,8.77,1568.7619047619,609,195.9815498625,0.79618066242126,0.878625462129141,9.12271756,1.29741887,192.5,2472.881,1342.381,3403.024,598.186,62.121253968254,0
2006-10-01,49.2125,8.97,1530.22636363636,626,212.094086582143,0.786284385440107,1.03599630918528,8.68399818,1.25773571,192.5,2654.591,1531.136,3822.955,585.78,57.910468975469,0
2006-11-01,48.2,8.99,1581.16636363636,656,209.680653671053,0.858964922763582,0.931116786498173,8.598018,1.26545188,192.5,2702.795,1624.523,4382.227,627.827,58.1430454545455,0
2006-12-01,50.6875,8.92,1707.17809523809,731.666666666667,204.306287596875,0.890543039571286,0.792801866125755,8.63990578,1.31064659,192.5,2813.632,1725.5,4405.395,629.791,60.9944122807017,0
2007-01-01,50.1375,8.59,1698.52217391304,731,196.066156997368,0.985035448467987,0.797086320025242,8.75675064,1.30182811,192.5,2809.341,1666.091,3786.682,631.166,53.5169696969697,0
2007-02-01,51.6375,8.56,1815.393,763,199.982258668421,1.06883832492034,0.841816423245195,8.81848,1.27537267,192.5,2832.2,1779.6,3309.5,664.745,57.5625,0
2007-03-01,53.475,8.37,1923.99818181818,769,199.098200442857,1.05514753804344,0.811340802891884,9.02571428,1.28749808,192.5,2761.727,1914.045,3271.295,654.895,60.5998484848485,0
2007-04-01,51.36,8,1977.9780952381,827.5,198.3077916102,1.11985616984843,0.85583967140924,9.4247505,1.25994033,192.5,2814.789,2000.947,3557.474,679.368,65.0576403508772,0
2007-05-01,50.25,7.98,2003.86304347826,894,195.7212822,1.03756976509231,0.886839832328247,9.6782818,1.22466641,192.5,2792.75,2101.25,3831.26,667.31,65.1572595520422,0
2007-06-01,56.78,8.03,2016.98333333333,979,223.0391801875,0.976819938932292,0.935342914316305,9.93401772,1.33599972,192.5,2676.93,2425.2,3602.85,655.66,68.1880952380952,0
2007-07-01,58.06,8.13,2158.46772727273,929,238.40670983625,0.954369861927156,1.14248400657733,10.18975364,1.49583467,192.5,2732.44,3082.76,3545.58,665.38,73.6016955266955,0
2007-08-01,60.18,8.34,1905.22739130435,910,259.727307862091,0.935968544563077,1.23112627921947,10.06849954,1.46827692,192.5,2515.773,3119.455,3252.523,665.411,70.1268115942029,0
2007-09-01,62.81,8.54,1934.31,930,326.544863044737,1.10716660399514,1.03222037316615,9.92079,1.50244853,197.5,2391.25,3226.55,2881.4,712.653,76.7624385964912,0
2007-10-01,73.12,9.16,1911.49782608696,1010,335.146203048913,1.1042907291506,0.974507336648834,9.92079,1.52008549,202.5,2442.37,3719.717,2975.326,754.604,81.9672463768116,0
2007-11-01,89.75,9.47,1968.33909090909,1131,321.81330975,1.04500272667416,1.0456995320071,10.11700118,1.53662014,202.5,2506.886,3328.182,2541.318,806.248,91.3382611832612,0
2007-12-01,94.25,9.49,2112.65,1153,368.620062313235,1.05403389502393,0.925866667361729,10.29998464,1.53331321,202.5,2381.694,2596.028,2353.083,803.203,89.5199415204678,0
2008-01-01,100.62,10.7,2201.46,1285,370.6609570425,1.1694385624166,1.02964823805731,10.471945,1.61488415,230.625,2445.523,2608.136,2340.114,889.595,90.6899350649351,0
2008-02-01,115,10.84,2503.5,1382,424.995659055,1.4510740387835,1.04903404215733,10.471945,1.65456731,240,2776.929,3079.881,2438.143,922.298,93.3875906432749,0
2008-03-01,111,11.04,2726.49,1471,439.71609184875,1.64290976353443,1.23076822792137,10.471945,1.76810524,240,3005.289,3008.579,2511.474,968.434,101.842833333333,0
2008-04-01,108.75,12.19,2607.5,1443,362.229247111714,1.44042268943564,1.23371724067825,10.471945,1.66228348,393,2959.273,2822.75,2263.795,909.705,108.758181818182,0
2008-05-01,120.7,12.38,2684.23,1502,328.761712716857,1.24676206296164,1.3176913090086,10.471945,1.63362342,546,2902.9,2234.625,2182.1,888.663,122.632608946609,0
2008-06-01,142.38,12.63,3001.18,1551,348.553078167857,1.10180884126519,1.41442612393239,10.73429478,1.69865971,546,2957.857,1863.048,1894.476,889.488,131.521111111111,0
2008-07-01,167.75,14.37,2967.16,1436,328.183604355682,1.10342239399976,1.43169174204725,11.1884465,1.70417126,546,3071.239,1944.913,1852.37,939.772,132.825184453228,0
2008-08-01,156.9,14.64,2815.78,1193,329.344150535526,1.15844178105229,1.13185256289656,11.23033428,1.72060092809524,546,2764.375,1923.575,1723.275,839.025,114.566825396825,0
2008-09-01,147.75,14.85,2695.72,1110,295.550334192857,1.10684709989844,0.92397093373782,10.59540372,1.62260032,546,2525.818,1868.364,1735.477,829.932,99.6567676767677,1
2008-10-01,109.7,15.93,2273.93,856,237.38407758587,0.942033090706625,0.909825065644331,10.361714,1.37347826,546,2121.413,1480.109,1302.109,806.62,72.6927536231884,1
2008-11-01,89.38,15.81,2054.59,719,226.8462326625,0.88292644682652,0.85333830754948,9.96267778,1.21143869,546,1852.425,1291.1,1152.6,760.863,53.9727280701754,1
2008-12-01,77.25,15.5,2393.85588235294,740,220.1354096,1.00643896098336,0.761720002436924,9.71355572,1.22246179,546,1490.429,962.881,1100.571,816.092,41.338924963925,1
2009-01-01,76.4,13.89,2625.922882,734,239.114267218421,1.02771102275053,0.782885902593991,9.73780654,1.27206574,546,1413.119,1132.738,1187.405,858.69,43.8552142857143,1
2009-02-01,69.06,11.04,2647.528158,673,224.68754205,1.06714966491685,0.766461247258877,9.92079,1.21695024,580.125,1330.2,1100.525,1112.075,943,41.8436754385965,1
2009-03-01,58.56,10.9,2509.95987,625,230.981732721,1.33094357266542,0.847053261752319,10.031021,1.1353793,682.5,1335.841,1238.909,1216.75,924.273,46.645303030303,1
2009-04-01,62.88,8.51,2555.15458,747,233.473128516857,1.29158948728333,0.904522862801355,10.031021,1.25222416,682.5,1420.85,1383.1,1378.85,890.2,50.2780952380952,1
2009-05-01,58.03,8.09,2480.858886,842.5,261.48173459625,1.28675470969375,0.888237912778083,9.87890222,1.36576209,682.5,1460.447,1440.158,1483.789,928.645,58.1538888888889,1
2009-06-01,60.2,7.95,2700.439038,747,256.644931490795,1.2842793348,0.816119325335778,9.55261846,1.35363668,682.5,1573.727,1674.455,1557.273,945.67,69.149696969697,1
2009-07-01,61.1,6.67,2791.269382,685,224.850383314773,1.14658317884,0.715359253669979,9.05216972,1.42859376,615.625,1667.957,1678.609,1578.609,934.228,64.6666732542819,1
2009-08-01,64.25,6.92,2956.615882,747,210.372908097429,1.0763685120375,0.836290036980781,8.33566822,1.41646835,530,1933.75,1900.1,1821.675,949.375,71.6296825396825,1
2009-09-01,61.13,7.13,3142.906272,701,191.093329478571,1.130316941325,1.030946694384,7.81317328,1.41205911,425,1834.114,2204.545,1884.023,996.591,68.3461111111111,1
2009-10-01,64.35,7.6,3372.627676,706,198.848868396429,1.08028217183333,1.15261406736222,7.61916672,1.47268616,425,1878.568,2240.773,2071.591,1043.159,74.080606060606,1
2009-11-01,66.44,7.81,3384.0917,729,211.038349341176,1.02749070875,1.15440641491696,7.495708,1.58291716,425,1949.286,2308.762,2193.381,1127.036,77.5523015873016,1
2009-12-01,73.8,8.01,3497.62963,768,206.2514056275,0.989364561625,1.01357667246061,7.5508235,1.6755112,425,2180.095,2328.524,2375.952,1134.724,74.8818181818182,1
2010-01-01,86.94,8.8,3525.18738,784,201.190932023684,0.941314666634833,1.08926182594657,7.71617,1.70637588,389.375,2235.15,2368.375,2434.45,1117.963,77.1210877192983,1
2010-02-01,83.36,8.8,3276.506244,798,194,0.97588951081875,0.981592416089829,7.97851978,1.76479831,374.375,2048.925,2123.675,2156.9,1095.413,74.7630155945419,1
2010-03-01,82.9625,8.93,3089.77493,921,191.075071754348,1.12470048815667,0.954721869700525,8.21882336,1.89156396,340,2205.63,2172.087,2275.065,1113.337,79.2976811594203,1
2010-04-01,88.7,7.52,3221.170282,940,192.87,1.05142997001442,0.994728436587819,8.487787,1.941829296,340,2316.725,2264.85,2366.675,1148.688,84.1828571428572,1
2010-05-01,90.9375,7.27,3178.400654,932,181.605588975,0.99899255053125,1.05471155131423,10.031021,1.985701234,334.5,2040.526,1882.684,1968.368,1205.434,75.6183174603175,1
2010-06-01,92.8125,7.74,3230.87061,993,157.672098470455,1.03652854844,1.20127028571045,12.39437364,2.051178448,312.5,1931.386,1703.955,1742.841,1232.92,74.725,1
2010-07-01,90.61,8.04,3229.547838,1031,195.817690591286,0.958859344916,1.30241177535711,12.68979272,1.85538815,312.5,1988.273,1836.977,1843.886,1192.966,74.5794011544011,1
2010-08-01,87.9,8.45,3071.697046,1170,246.247224455864,0.864853365222917,1.13932707032921,11.96667736,1.99176918809524,312.5,2118.143,2075.238,2044.571,1215.81,75.8262698412698,1
2010-09-01,85.82,8.28,2875.044942,1275,271.673597547429,0.9740851671375,1.04685089905903,11.73298764,2.308898526,312.5,2162.341,2184.227,2151.409,1270.977,76.116240981241,1
2010-10-01,90.99,8.29,2927.514898,1412,270.232195864286,1.0033432303125,1.08632365351467,11.75723846,2.78994661,312.5,2346.57,2379.667,2372.143,1342.024,81.7193650793651,1
2010-11-01,103.2,8.59,2910.318862,1512,274.080760795588,1.03475555169937,0.82334876,12.19816246,3.4097072847619,322.5,2333.068,2376.727,2291.682,1369.886,84.5340634920635,1
2010-12-01,115.24,8.74,3060.01256,1715,306.5201043804,1.06214235638317,0.723890525,12.456103,3.7034088608,322.5,2350.667,2412.929,2280.929,1390.553,90.0059617918314,1
2011-01-01,122.62,9.61,3164.952472,2038,326.556567607286,1.19677266213312,0.734611625,12.52444622,3.9446714505,322.5,2439.525,2601.65,2371.55,1360.46,92.6905952380952,1
2011-02-01,117.74,9.36,3472.2765,2256,348.1203485495,1.31099588448125,0.884956947595927,12.566334,4.699808916,374.375,2508.175,2586.675,2465.125,1374.68,97.9141920077973,1
2011-03-01,121,9.37,3392.91018,1925,316.746570663783,1.24630368973367,0.852444094182093,12.6545188,5.063350754,340,2555.5,2624.02,2341.48,1423.26,108.645217391304,1
2011-04-01,124.03,10.36,3134.308254,2089,336.12429558105,1.29400099709146,0.880969296467099,12.786796,4.77557435666666,340,2678.11,2701.17,2362.22,1480.89,116.243166666667,1
2011-05-01,120.46,10.3,3070.815198,2097,355.277885563636,1.27040437511167,0.836410696697382,12.63908646,3.649087024,334.5,2596.45,2428.32,2167.35,1512.58,108.068512987013,1
2011-06-01,119.01,10.26,3015.699698,1803,326.429929196591,1.186055907861,0.9164,12.70081582,3.177518806,355,2557.76,2524.99,2234.47,1529.36,105.845454545455,1
2011-07-01,116.27,10.99,3167.157092,1662,303.88392977625,1.07581479416675,0.971561400753289,12.77356828,2.6896364,442.5,2525.43,2681.02,2397.75,1572.75,107.916611111111,1
2011-08-01,118.27,10.81,3064.4218,1454,327.066589526087,1.02250180678861,0.948834615694327,11.794717,2.51547142,442.5,2379.35,2397.28,2200.17,1759.01,100.486425120773,1
2011-09-01,115.62,10.85,2873.942632,1305,315.916229076136,0.9913445859625,1.19493784608671,11.243562,2.576318932,442.5,2293.46,2287.67,2075.22,1772.14,100.819350649351,1
2011-10-01,110.88,11.42,2680.156534,1208,289.010835782143,0.992083363310417,1.03269959681135,11.133331,2.438530182,435,2180.65,1960.38,1871.42,1666.43,99.847753968254,1
2011-11-01,105.47,11.32,2527.376368,1479,281.0064022425,0.970598964787833,0.681649675,11.17080954,2.307796216,435,2079.98,1994.22,1935.32,1739,105.405014430014,1
2011-12-01,104.19,11.53,2196.90383,1445,269.0300071375,0.93996398782,0.7577302,11.353793,2.10430979,450,2022.25,2022.35,1904.73,1639.97,104.230476190476,1
2012-01-01,106.26,11.45,2307.62,1451,274.89317414625,0.961923711967937,0.730582190619299,11.353793,2.229091282,495,2144.2,2096.16,1981.86,1654.05,107.074572263993,1
2012-02-01,105.3,11.12,2356.24,1411,277.7729592825,1.24455195609365,0.778640961527499,11.42213622,2.22115465,495,2207.92,2121.26,2057.79,1744.82,112.687523809524,1
2012-03-01,103.43,11.97,2359.25,1338,283.878254086364,1.22106555363146,0.802572942125518,11.56102728,2.1935969,495,2184.16,2056.69,2035.92,1675.95,117.785,1
2012-04-01,101.33,11.42,2266.78,1348,266.323921792105,1.25723456083385,0.822890487657625,11.76826156,2.203297228,477.5,2049.67,2071.07,2002.14,1649.2,113.6655,1
2012-05-01,93.77,11.64,2313.93,1155,264.358724018478,1.20712201877873,0.755832439589039,11.794717,1.951840275,477.5,2007.63095238095,2012.82142857143,1936,1589.04,104.086034255599,1
2012-06-01,85.31,11.49,2264.21,1058,276.1899195,1.04930648003042,0.952763661035779,11.794717,1.811756716,477.5,1890.17857142857,1854.15238095238,1858.70238095238,1598.76,90.728253968254,1
2012-07-01,87.33,11.13,2349.81863636364,1070,345.687946757143,0.850253705603958,1.01515810558403,11.794717,1.851219414,279.5,1876.25,1881.47727272727,1847.75,1594.29,96.7541125541126,1
2012-08-01,89.11,11.18,2512.26,1001,349.400350682609,0.984871901253778,0.97038912808462,11.75723846,1.86069928,477.5,1845.37608695652,1900.61956521739,1818.16304347826,1630.31,105.273636991028,1
2012-09-01,85.82,11.08,2620.28,967,353.420923772368,1.11188084102219,1.000894425,11.36702072,1.85518773,477.5,2064.12,2177.67,2009.85,1744.81,106.284964912281,1
2012-10-01,82.8,11.58,2463.54,898,358.195666995,1.11732749175544,0.980848511021961,10.92609672,1.80668609,477.5,1974.3,2141.97,1903.96,1746.58,103.407865612648,1
2012-11-01,85.74,11.83,2478.16,848,360.8228394,1.06778975001531,0.84683615,10.96137064,1.782876194,477.5,1948.82954545455,2181.96590909091,1912.39772727273,1721.64,101.174415584416,1
2012-12-01,88.84,11.79,2410.34,785,347.9625549,1.12339657025063,0.758087,11.07160164,1.837991694,477.5,2086.76315789474,2279.80263157895,2040.42894736842,1684.762,101.193666666667,1
2013-01-01,86.13,11.87,2275.44,828.64,335.4697071,1.095572130125,0.750025703067452,11.243562,1.885170562,395,2037.75,2333.68,2032.2,1671.84782608696,105.100216450216,1
2013-02-01,85.13,11.77,2197.7,853.25,318.9350556,1.11242362363327,0.819577416435653,11.574255,1.977764602,395,2053.595,2365.7875,2128.6875,1627.57,107.637435672515,1
2013-03-01,82.77,11.87,2153.36,818.75,309.7491381,1.0791836838308,0.908096374236979,11.904948,2.08226359,395,1909.56666666667,2169.41666666667,1926.07142857143,1593.08619047619,102.5225,1
2013-04-01,82.02,12.88,2294.48863636364,791.43,308.2793913,1.10333323648109,0.98048854404194,12.37012282,2.034423336,395,1861.67045454545,2027.38636363636,1856.00454545455,1487.85727272727,98.8519696969697,1
2013-05-01,81.79,12.29,2342.86,822.5,319.669929,1.05399770151219,1.05701086065571,12.80002372,2.043021354,395,1832.02173913043,2032.97826086957,1831.55434782609,1414.02695652174,99.3666334148943,1
2013-06-01,77.2894263354219,11.92,2283.58,890.63,313.4235051,1.0599706165107,1.15764697355155,13.71053178,2.052060296,395,1814.5375,2099.6875,1839.0125,1343.35,99.7426666666667,1
2013-07-01,72.6432869298096,11.6,2308.66,860.43,304.6050243,0.998157953289032,1.12122947260883,14.61222136,2.041919044,395,1769.60869565217,2047.72826086957,1837.61956521739,1285.51565217391,105.25790513834,1
2013-08-01,72.912,11.64,2483.61,892.61,305.3398977,0.977379922384968,1.19080504573596,15.652802,2.04478505,395,1817.61590909091,2174.18181818182,1898.81818181818,1351.74181818182,108.157636363636,1
2013-09-01,73.0975,11.25,2616.05142857143,985.24,307.50777423,0.973942148976369,1.11971564761905,16.08049828,1.986142158,395,1761.30476190476,2084.91904761905,1846.88095238095,1348.6,108.75773015873,1
2013-10-01,80.6475,11.37,2730.7,985.65,325.6867049625,0.957691667933,0.997263360749931,16.4574883,1.970268894,395,1814.58260869565,2115.42826086957,1884.83695652174,1316.58,105.427134387352,1
2013-11-01,83.818,11.42,2755.17,1274.5,306.751628178947,0.88063411720003,0.765997988095238,16.82345522,1.865769906,395,1747.96428571429,2089.55952380952,1866.41666666667,1275.86,102.62649122807,1
2013-12-01,84.615,11.55,2824.54,1270,291.556647203571,0.971461517456719,0.739980409090909,16.865343,1.9287669225,395,1739.81,2136.7275,1974.975,1221.5119047619,105.481650793651,1
2014-01-01,82.9,11.59,2819.43,1269.09,275.577525,0.992548248574348,0.753839503177822,16.92707236,2.005322352,395,1727.41,2143.17,2036.93,1244.27,102.096666666667,1
2014-02-01,77.6,11.3,2992.84,1364,292.1121765,1.04563548918812,0.770925332910924,16.975574,2.07344511,307.625,1695.17,2108.03,2034.53,1299.58,104.826666666667,1
2014-03-01,74.6,10.88,3041.67,1389.05,323.7117327,1.12136497847344,0.806419425019009,17.085805,2.13737909,278.5,1705.37,2053.08,2007.9,1336.08,104.04,1
2014-04-01,75.06,10.73,3050.61,1356.13,324.8140428,1.22594953328719,0.846885863860566,17.66121082,2.07675204,299,1810.67,2087.09,2027.21,1298.45,104.866666666667,1
2014-05-01,75.78,10.2,3029.99,1413.25,334.7348337,1.12031141124375,0.840802673707914,17.967653,2.043903202,300.875,1751.05,2097.32,2058.97,1288.74,105.713333333333,1
2014-06-01,74.09,9.77,3174.33,1393.25,306.4422078,1.071176907515,0.834560791638236,18.14622722,2.00399958,301.5,1838.95,2106.94,2128.1,1279.1,108.373333333333,1
2014-07-01,71.44,9.27,3196.04,1255.22,280.3542021,1.022608026605,0.789650979119958,18.9817782,1.848353408,279.5,1948.3,2193.24,2310.62,1310.59,105.226666666667,1
2014-08-01,71.19,9.14,3270.27,1187.62,263.4521139,0.988937023802062,0.768174673015811,19.24853722,1.6314188,279.5,2030.49,2236.84,2326.99,1295.13,100.05,1
2014-09-01,67.86,9.24,3214.83,1193.41,243.6105321,0.9669094597305,0.768809440683914,18.34684764,1.617750156,279.5,1990.43,2117.24,2294.59,1236.55,95.85,1
2014-10-01,65.74,9.77,3100.83,1148.7,245.4477156,1.00879329897225,0.732151607850974,17.50247818,1.550729708,279.5,1946.19,2034.26,2276.83,1222.49,86.08,1
2014-11-01,65.66,8.9,2909.09,1191.63,258.6754368,0.99774997158375,0.721148968270525,17.306267,1.488559424,279.5,2055.55,2030.18,2253.22,1175.33,76.9933333333333,1
2014-12-01,66.14,9.83,2946.95,1212.14,269.6985378,0.94885756268875,0.769232619129316,17.3834287,1.50575546,279.5,1909.46,1938.11,2175.76,1200.62,60.7033333333333,1
2015-01-01,59.29,9.25,2915.91,1145.71,248.3872092,0.888355156392,0.757912595714815,17.416498,1.48481157,279.5,1814.72,1843.13,2113.05,1250.75,47.1066666666667,1
2015-02-01,63.48,8.27,2961.7,1160.5,236.9966715,0.938137666833125,0.704168933148773,17.48484122,1.539706608,279.5,1817.82,1795.66,2097.76,1227.08,54.79,1
2015-03-01,59.92,8.27,2877,1090.68,230.7502476,0.928523663485,0.633815516600706,17.45397654,1.52890397,283.4,1773.86,1792.47,2028.73,1178.63,52.8266666666667,1
2015-04-01,58.95,6.77444566674586,2868.27,1077.5,223.4015136,0.914897127727,0.612127621273858,16.92707236,1.58071254,299,1819.19,2005.36,2212.72,1198.93,57.5433333333333,1
2015-05-01,61.63,6.68399731108114,3096,1131.94,215.3179062,0.940748901434375,0.61466669194627,15.86003628,1.606286132,300.875,1804.04,1991.78,2281.8,1198.63,62.5066666666667,1
2015-06-01,60.71,6.66672592954467,3239.51,1123.64,209.8063557,0.899994433903125,0.629901115980739,13.79210272,1.59504257,301.5,1687.73,1829.5,2082.09,1181.5,61.3066666666667,1
2015-07-01,57.9,6.69403713465372,3325.96,1103.04,197.3135079,0.887986984852,0.64233198281442,12.25989182,1.59504257,301.5,1639.5,1763.04,2000.68,1128.31,54.34,1
2015-08-01,55.02,6.34573758327927,3153.91,1032.38,179.6765463,0.9019880304325,0.684279546214884,10.39037406,1.583358084,301.5,1548.13,1703.6,1807.64,1117.93,45.69,1
2015-09-01,51.38,6.27869866033782,3278.45,1051.59,172.695249,0.906827963617812,0.631699624373697,8.76997836,1.515455788,301.5,1589.6,1684.25,1720.23,1124.77,46.28,1
2015-10-01,50.11,6.02695782059877,3197.34,1104.09,172.709946468,0.9260308335124,0.660687347883728,8.708249,1.521849186,301.5,1516.49,1720.11,1724.34,1159.25,46.9566666666667,1
2015-11-01,53.34,5.5008338512307,3360.84,1071.07,177.1044894,0.847499675928125,0.767804391876085,9.63198478,1.526037964,301.5,1467.89,1618.35,1583.31,1086.44,43.1133333333333,1
2015-12-01,48.77,5.0927629826203,3345.65,1150,189.2299005,0.85975801073525,0.768703646072564,9.8877207,1.551832018,301.5,1497.2,1706.58,1527.79,1075.74,36.5733333333333,1
2016-01-01,49.09,4.39818627540541,2952.42,1152,193.2717042,0.855806580746563,0.692848909734272,10.471945,1.51567625,301.5,1481.1,1646.2,1520.36,1097.91,29.78,1
2016-02-01,50.33,3.96837858928349,2916.37,1218.93,187.0252803,0.930989565402187,0.691367785175366,10.802638,1.467615534,301.5,1531.26,1765.75,1709.85,1199.5,31.03,1
2016-03-01,52.57,3.91018024309544,3073.52,1440.48,191.067084,0.939216952333,0.682004962070848,10.6703608,1.443144252,301.5,1531.01,1802.19,1801.69,1245.14,37.34,1
2016-04-01,52.35,3.97007508978746,3078.5,1580.95,187.392717,0.93965644333,0.713796242781667,10.5270605,1.527360736,301.5,1571.23,1732.27,1855.37,1242.26,40.75,1
2016-05-01,54.24,4.32919186505527,3098.66,1439.5,171.9603756,0.928900446821875,0.763625504727741,10.471945,1.549406936,301.5,1550.63,1707.8,1869.03,1260.95,45.9366666666667,1
2016-06-01,58.59,4.75572046689423,3120.8,1547.95,173.0626857,0.9422734926165,0.875450408925195,10.471945,1.63362342,301.5,1593.51,1712.77,2026.19,1276.4,47.6866666666667,1
2016-07-01,62.39,4.67473769134718,3049.98,1515,151.7513571,0.928409918871875,0.967756207328486,10.471945,1.787064972,282.5,1629.05,1834.79,2183.25,1336.66,44.1266666666667,1
2016-08-01,66.34,4.04748993020478,3032.49,1575,149.1793002,0.90134392314175,0.959239741114773,10.84011654,1.769428012,206.5,1639.28,1835.52,2279.14,1340.17,44.8766666666667,1
2016-09-01,68.33,4.2536141699485,2881.19,1557.39,150.649047,0.908702648455937,1.05064628532158,11.88069718,1.716517132,206.5,1592.36,1947.64,2292.31,1326.61,45.0433333333333,1
2016-10-01,83.79,5.33681888344991,2711.35,1473.57,151.7513571,0.897239244505313,1.06466407132552,12.2907565,1.731067624,206.5,1665.9,2024.49,2311.5,1266.55,49.2933333333333,1
2016-11-01,89.15,5.69317950114529,2478.55,1553.41,150.649047,0.858470319751,1.1377681477687,12.49358154,1.739886104,206.5,1737.11,2180.58,2566.2,1238.35,45.26,1
2016-12-01,80.19,5.42350142239831,2295.31,1727.14,141.8305662,0.8322917249075,1.07698914354785,13.20346918,1.7526729,206.5,1727.74,2209.84,2664.81,1157.36,52.62,1
2017-01-01,86.49,6.14434925480129,2194.09,1818.64,153.2211039,0.83396158676875,0.935012775115513,13.41070346,1.815063646,206.5,1791.24,2242.62,2714.8,1192.1,53.59,1
2017-02-01,83.6,6.05158364479884,2034.08,1688.25,155.0582874,0.8320850417825,0.902586726736592,13.64108625,1.87723393,301.5,1860.75,2311.5,2845.55,1234.2,54.3533333333333,1
2017-03-01,79.11,5.00094507653751,2063.8,1542.39,154.323414,0.849935574345,0.921259475639951,13.778875,1.913169236,206.5,1901.47,2280.92,2776.88,1231.42,50.9033333333333,1
2017-04-01,78.89,5.0109139182969,1961.16,1589.72,166.0813884,0.869429168856875,0.849372037227302,13.778875,1.918901248,206.5,1921.22,2220.61,2614.92,1266.88,52.1633333333333,1
2017-05-01,74.41,5.05843597846924,1983.48,1719.29,180.4114197,0.9149776514725,0.756801752295635,14.29255146,1.954175168,206.5,1913.02,2125.11,2590.21,1246.04,49.8933333333333,1
2017-06-01,79.2,4.88676678562716,1998.25,1869.76,189.5973372,0.9317744307905,0.722682990135107,14.85693418,1.868635912,206.5,1885.29,2132.93,2573.4,1260.26,46.1666666666667,1
2017-07-01,81.69,5.00392083226283,1988.58,1644.05,202.4576217,0.93605395646125,0.696922002271265,14.72906622,1.853864958,207.25,1902.96,2269.86,2787.19,1236.84,47.6566666666667,1
2017-08-01,87.84,5.47660118187128,1988.56,1845,171.2255022,0.935437007333125,0.716970081122181,12.8419115,1.749145508,215.5,2030.01,2348.47,2980.73,1283.04,49.9433333333333,1
2017-09-01,92.26,5.96114997199473,1998.3,1600.95,178.5742362,0.9260196009735,0.789016211451855,12.12541,1.77692372,215.5,2096.49,2374.39,3116.86,1314.07,52.95,1
2017-10-01,91.43,6.17632034854047,2097.05,1484.77,175.6347426,0.92183663765875,0.821865438276179,11.95344964,1.73283132,215.5,2131.49,2498.22,3264.6,1279.51,54.92,1
2017-11-01,91.39,6.69459903981659,2127.9,1554.32,179.6765463,0.92527722274625,0.858470373803443,12.17391164,1.772734942,215.5,2097.44,2461.43,3229.31,1281.9,59.9333333333333,1
2017-12-01,95.48,7.13893361413113,1917.68,1450.66,184.0857867,0.912475201089375,0.773464403583335,12.235641,1.883186404,215.5,2080.47,2509.92,3195.95,1264.45,61.1866666666667,1
2018-01-01,97.48,6.6622550131406,1951.83,1393.86,192.1693941,0.97835499248025,0.756484368461584,12.35909972,2.007526972,215.5,2209.73,2584.09,3441.52,1331.3,66.2266666666667,1
2018-02-01,92.68,6.71874976650478,2122.8,1244.25,192.1693941,1.07421191141687,0.777537496120329,12.7316805,1.946018074,215.5,2181.79,2581.06,3532.9,1330.73,63.46,1
2018-03-01,89.5,6.69738764035649,2503.95,1118.63,192.1693941,1.11227491684719,0.735166754274463,12.786796,2.031336868,215.5,2069.24,2390,3269.18,1324.66,64.1666666666667,1
2018-04-01,92.32,6.92785820242064,2624.74,1131.18,213.8481594,1.11318948967531,0.758335774160217,12.82868378,2.033541488,215.5,2254.69,2352.41,3188.05,1334.76,68.7933333333333,1
2018-05-01,101.89,7.48735405732204,2659.94,1027.75,213.8481594,0.96277169112575,0.878518452654359,12.897027,2.082924976,215.5,2299.67,2360.93,3059.87,1303.45,73.43,1
2018-06-01,103.88,7.44894284404401,2410.76,931.19,219.3597099,0.917722058900625,0.842019311738444,12.53877625,2.154134202,215.5,2237.62,2436.29,3088.57,1281.57,71.9766666666667,1
2018-07-01,106.02,7.59883923024716,2357.05,916.25,218.2573998,0.876576546896875,0.88772258384185,12.235641,2.120403516,215.5,2082.24,2207.02,2656.13,1237.71,72.6666666666667,1
2018-08-01,98.48,8.08490993843807,2171.61,915.22,236.6292348,0.843370546678,0.843130155157624,12.015179,2.08446821,215.5,2051.51,2053.53,2512,1201.71,71.0833333333333,1
2018-09-01,102.14,9.5215770312076,2194.89,897.13,212.3784126,0.88248609970125,0.79996595372663,11.53236722,1.992094632,215.5,2026.46,2022.91,2434.68,1198.39,75.3633333333333,1
2018-10-01,100.34,8.79096072973592,2134.2,830.25,213.4807227,0.901120457347,0.749554821418128,11.464024,1.91361016,215.5,2029.86,1987.55,2673.67,1215.39,76.7266666666667,1
2018-11-01,91.58,8.26507901291447,2185.04,759.26,203.5599318,0.86024150594745,0.731358148265846,11.66023518,1.912948774,215.5,1938.51,1937.11,2595.69,1220.65,62.3166666666667,1
2018-12-01,95.41,7.9762423800888,2208.41,796.27,211.2761025,0.839921294678125,0.718451205681088,11.794717,1.8959732,215.5,1920.38,1972.32,2616.29,1250.4,53.96,1
2019-01-01,91.29,7.26234323345276,2263.34,773.07,209.8063557,0.84844252300775,0.638417582194452,11.794717,1.81550457,215.5,1853.72,1997.14,2569.7,1291.75,56.5833333333333,1
2019-02-01,84.16,6.00579712219701,2255.8,710.43,218.9922732,0.871706541316875,0.627626531836703,11.794717,1.78904913,215.5,1862.99,2062.79,2707.19,1320.07,61.1333333333333,1
2019-03-01,78.81,5.17873567412962,2200.49,678.56,205.764552,0.93803205175625,0.650848449028133,11.794717,1.847692022,245.5,1871.21,2046.46,2850.6,1300.9,63.7866666666667,1
2019-04-01,72.49,4.92218081968463,2331.13,668.63,199.5181281,0.9341787893625,0.573618382742285,11.794717,1.92353095,265.5,1845.42,1938.99,2932.65,1285.91,68.5766666666667,1
2019-05-01,68.93,4.34105529405496,2315.08,661.17,199.5181281,0.91854739973425,0.521937715097577,11.794717,1.766782468,265.5,1781.26,1815.19,2742.81,1283.7,66.8333333333333,1
2019-06-01,62.94,3.58800651227246,2407.73,635.6,206.1319887,0.886045975399062,0.543414021201724,11.97329122,1.71188743,265.5,1755.95,1899.7,2601.22,1359.04,59.76,1
2019-07-01,65.79,3.62037140560865,2416.53,657.31,196.2111978,0.863608730926562,0.542779253533621,12.94552864,1.665369948,265.5,1796.99,1975.64,2446.51,1412.89,61.4766666666667,1
2019-08-01,60.43,3.67677516040554,2194.7,719.28,181.1462931,0.833821345379,0.525428937272143,13.05575964,1.560430036,265.5,1740.68,2044.55,2273.01,1500.41,57.67,1
2019-09-01,61.37,4.20525568494184,2305.42,724.03,189.5973372,0.846322546636875,0.533839608874506,13.22772,1.572114522,265.5,1753.51,2071.85,2331.56,1510.58,60.04,1
2019-10-01,67.44,5.05721785787313,2435.27,719.52,199.5181281,0.8560280968305,0.520721077067047,13.4040896,1.628773256,265.5,1725.96,2184.09,2451.65,1494.81,57.2733333333333,1
2019-11-01,73.62,5.15000421730735,2519.66,848.92,203.1924951,0.853667100378125,0.525217348049442,13.68187172,1.650378532,265.5,1774.79,2021.15,2425.48,1470.79,60.4033333333333,1
2019-12-01,76.03,4.62047221238545,2444.71,1031.29,210.9086658,0.858242926976875,0.516224806084651,13.95083536,1.671763346,265.5,1771.38,1900.54,2272.54,1479.13,63.3533333333333,1
2020-01-01,82.09,3.63338434726692,2603.07,1003.72,224.5038237,0.87031262898525,0.512416200076034,13.999337,1.743193034,245,1773.09,1923.93,2354.31,1560.67,61.6266666666667,1
2020-02-01,79.99,2.90777364105976,2716.21,844.12,215.3179062,0.899207970165312,0.516489292613028,13.999337,1.688077534,245,1688.1,1872.54,2113.24,1597.1,53.3466666666667,1
2020-03-01,67.89,2.71886838174516,2338.47,837.72,209.0714823,0.907688867727812,0.553781893114071,13.999337,1.492307278,245,1610.89,1734.44,1903.63,1591.93,32.2033333333333,1
2020-04-01,56.58,2.12031866732303,2270.24,834.51,218.9922732,0.902649140855,0.581923259733297,13.889106,1.400595086,245,1459.93,1657.55,1903.37,1683.17,21.0433333333333,1
2020-05-01,57.42,1.57516497791872,2315.99,832.33,205.764552,0.908644274252,0.645029745403857,12.55310628,1.44843534,216,1466.37,1626.34,1975.32,1715.91,30.38,1
2020-06-01,56.81,1.75217111217728,2228.63,916.38,198.415818,0.90074283349875,0.649526016386252,12.12541,1.49473236,202.5,1568.57,1744.84,2025.71,1732.22,39.4566666666667,1
